,Month,Polar
0,1,0.09231131191304351
1,2,0.14187215667175576
2,3,0.06440316785116279
3,4,0.16653045365934063
4,5,0.02648635708333332
5,6,0.13756509589808913
6,7,0.03915644198285719
7,8,0.13536891828301884
8,9,0.09567022967808218
9,10,0.0543046058409091
10,11,0.08080016436666679
11,12,0.09354801146929828
